code_commune_insee,nom_commune,code_epci,type_scrutin,annee,tour,date_scrutin,parti_en_tete,turnout_pct,blancs_pct,nuls_pct,hollande_pct,sarkozy_pct,melenchon_pct,bayrou_pct,lepen_pct,population,revenu_median_uc_euros,taux_pauvrete_pct,taux_chomage_pct,delinquance_pour_1000_hab,entreprises_actives,associations_actives,macron_pct,fillon_pct,hamon_pct,jadot_pct,zemmour_pct,ps_pct,lr_pct,fg_pct,rn_pct,modem_pct,lrem_pct,lfi_pct,re_pct,nupes_pct,other_pct,fn_pct,eelv_pct
44009,Basse-Goulaine,244400404,presidentielle,2012,1,2012-04-22,hollande,0.8081787800991501,0.0,0.013630731102850062,0.361671469740634,0.25339645944833267,0.12371346233017702,0.10889254837381639,0.07780979827089338,8706,20461.87,15.68,9.97,26.7,870,91,,,,,,,,,,,,,,,,,
44018,Bouaye,244400404,presidentielle,2012,1,2012-04-22,hollande,0.8081787800991501,0.0,0.013630731102850062,0.3617021276595745,0.2534066459478843,0.12383456849151327,0.10925173320583313,0.07793449677265121,7497,20443.3,15.7,9.97,26.7,750,78,,,,,,,,,,,,,,,,,
44020,Bouguenais,244400404,presidentielle,2012,1,2012-04-22,hollande,0.8081787800991501,0.0,0.013630731102850062,0.36169599077011827,0.2533410249014518,0.1238342467070474,0.10922026728199212,0.07787712719930776,18640,20614.35,15.55,9.94,26.4,1864,195,,,,,,,,,,,,,,,,,
44024,Brains,244400404,presidentielle,2012,1,2012-04-22,hollande,0.8081787800991501,0.0,0.013630731102850062,0.3615494978479197,0.2532281205164993,0.12410329985652797,0.10903873744619799,0.0781922525107604,2499,20366.58,15.77,9.99,26.9,250,26,,,,,,,,,,,,,,,,,
44026,Carquefou,244400404,presidentielle,2012,1,2012-04-22,hollande,0.8081787800991501,0.0,0.013630731102850062,0.3616118769883351,0.25335004338185674,0.12378289790803046,0.10922587486744433,0.07779812975995373,18590,20613.58,15.55,9.94,26.4,1859,195,,,,,,,,,,,,,,,,,
44047,Couëron,244400404,presidentielle,2012,1,2012-04-22,hollande,0.8081787800991501,0.0,0.013630731102850064,0.36167171207534476,0.2532795156407669,0.1237806929027918,0.10923309788092836,0.07786747393205516,21311,20655.36,15.51,9.93,26.3,2131,224,,,,,,,,,,,,,,,,,
44074,Indre,244400404,presidentielle,2012,1,2012-04-22,hollande,0.8081787800991501,0.0,0.013630731102850062,0.36148007590132825,0.25332068311195444,0.12381404174573055,0.10910815939278938,0.0777988614800759,3777,20386.19,15.75,9.99,26.9,378,39,,,,,,,,,,,,,,,,,
44035,La Chapelle-sur-Erdre,244400404,presidentielle,2012,1,2012-04-22,hollande,0.8081787800991501,0.0,0.01363073110285006,0.36165072001546344,0.2533101382043104,0.12380400115975645,0.10921039914951193,0.07780032859766116,18543,20612.87,15.55,9.94,26.4,1854,194,,,,,,,,,,,,,,,,,
44101,La Montagne,244400404,presidentielle,2012,1,2012-04-22,hollande,0.8081787800991501,0.0,0.01363073110285006,0.3617602427921093,0.2534142640364188,0.12382397572078907,0.10925644916540213,0.07769347496206373,5905,20418.86,15.72,9.98,26.8,590,62,,,,,,,,,,,,,,,,,
44120,Le Pellerin,244400404,presidentielle,2012,1,2012-04-22,hollande,0.8081787800991501,0.0,0.013630731102850062,0.36178107606679033,0.2534322820037106,0.12393320964749537,0.10909090909090909,0.07792207792207792,4830,20402.36,15.73,9.98,26.8,483,50,,,,,,,,,,,,,,,,,
44198,Les Sorinières,244400404,presidentielle,2012,1,2012-04-22,hollande,0.8081787800991501,0.0,0.013630731102850062,0.36163318211276735,0.25340246273493194,0.1237848347375243,0.1090948368978181,0.07777057679844458,8295,20455.56,15.69,9.97,26.7,829,87,,,,,,,,,,,,,,,,,
44094,Mauves-sur-Loire,244400404,presidentielle,2012,1,2012-04-22,hollande,0.8081787800991501,0.0,0.013630731102850062,0.3617269544924154,0.2532088681446908,0.12368728121353559,0.10910151691948658,0.07817969661610269,3072,20375.37,15.76,9.99,26.9,307,31,,,,,,,,,,,,,,,,,
44109,Nantes,244400404,presidentielle,2012,1,2012-04-22,hollande,0.8081787800991501,0.0,0.01363073110285006,0.3616461546893364,0.25331733784779525,0.1238026222040886,0.10919963705674947,0.07782575070183238,294282,24845.6,11.8,9.0,17.0,29428,3092,,,,,,,,,,,,,,,,,
44114,Orvault,244400404,presidentielle,2012,1,2012-04-22,hollande,0.8081787800991501,0.0,0.013630731102850064,0.36166794719564155,0.2533351959209332,0.12376894600824195,0.10917091569462876,0.07780959698260809,25657,20722.06,15.45,9.91,26.1,2566,269,,,,,,,,,,,,,,,,,
44143,Rezé,244400404,presidentielle,2012,1,2012-04-22,hollande,0.8081787800991501,0.0,0.013630731102850062,0.3616311991962736,0.25331080463969313,0.12380126038907663,0.10918805370353457,0.07781532560051146,39243,20930.62,15.27,9.87,25.7,3924,412,,,,,,,,,,,,,,,,,
44150,Saint-Aignan-Grandlieu,244400404,presidentielle,2012,1,2012-04-22,hollande,0.8081787800991501,0.0,0.013630731102850062,0.36160714285714285,0.2534722222222222,0.12400793650793651,0.10912698412698413,0.07787698412698413,3613,20383.68,15.75,9.99,26.9,361,37,,,,,,,,,,,,,,,,,
44162,Saint-Herblain,244400404,presidentielle,2012,1,2012-04-22,hollande,0.8081787800991501,0.0,0.013630731102850062,0.3616538115187346,0.25331819427587016,0.1238009474961826,0.109196977408872,0.07783563681923182,45772,21030.85,15.18,9.84,25.4,4577,480,,,,,,,,,,,,,,,,,
44166,Saint-Jean-de-Boiseau,244400404,presidentielle,2012,1,2012-04-22,hollande,0.8081787800991501,0.0,0.013630731102850062,0.36148537627341437,0.25336838646072957,0.1238908971409793,0.10910285902070326,0.07788366743345383,5453,20411.93,15.73,9.98,26.8,545,57,,,,,,,,,,,,,,,,,
44171,Saint-Léger-les-Vignes,244400404,presidentielle,2012,1,2012-04-22,hollande,0.8081787800991502,0.0,0.013630731102850062,0.36142322097378277,0.25374531835205993,0.12359550561797752,0.10955056179775281,0.07771535580524344,1914,20357.6,15.77,9.99,26.9,191,20,,,,,,,,,,,,,,,,,
44190,Saint-Sébastien-sur-Loire,244400404,presidentielle,2012,1,2012-04-22,hollande,0.8081787800991501,0.0,0.013630731102850062,0.3616130607688551,0.25333147282494944,0.12377032024000559,0.10918858578106468,0.07786227586688063,25686,20722.51,15.45,9.91,26.1,2568,269,,,,,,,,,,,,,,,,,
44172,Sainte-Luce-sur-Loire,244400404,presidentielle,2012,1,2012-04-22,hollande,0.8081787800991501,0.0,0.013630731102850062,0.36159570574600464,0.2533853848969135,0.12382578992314261,0.10918628766621935,0.07783335366597535,14690,20553.72,15.6,9.95,26.5,1468,154,,,,,,,,,,,,,,,,,
44194,Sautron,244400404,presidentielle,2012,1,2012-04-22,hollande,0.8081787800991502,0.0,0.013630731102850062,0.36163303177916956,0.2533054975643702,0.12386917188587335,0.10925539318023661,0.0779401530967293,7726,20446.81,15.69,9.97,26.7,772,81,,,,,,,,,,,,,,,,,
44204,Thouaré-sur-Loire,244400404,presidentielle,2012,1,2012-04-22,hollande,0.8081787800991501,0.0,0.013630731102850062,0.3617636429345862,0.2533429707264185,0.12378026743765812,0.10914347668955547,0.07788218286953379,9918,20480.47,15.67,9.97,26.7,991,104,,,,,,,,,,,,,,,,,
44215,Vertou,244400404,presidentielle,2012,1,2012-04-22,hollande,0.8081787800991501,0.0,0.013630731102850062,0.36165362109582794,0.25336271753172734,0.12379360133748765,0.10920282696253515,0.07781746333308003,23581,20690.2,15.48,9.92,26.2,2357,247,,,,,,,,,,,,,,,,,
44009,Basse-Goulaine,244400404,presidentielle,2012,2,2012-05-06,hollande,0.82,0.02,0.005,0.6200738916256158,0.37992610837438423,,,,8706,20461.87,15.68,9.97,26.7,870,91,,,,,,,,,,,,,,,,,
44018,Bouaye,244400404,presidentielle,2012,2,2012-05-06,hollande,0.82,0.02,0.005,0.6198760724499524,0.38012392755004765,,,,7497,20443.3,15.7,9.97,26.7,750,78,,,,,,,,,,,,,,,,,
44020,Bouguenais,244400404,presidentielle,2012,2,2012-05-06,hollande,0.82,0.02,0.005,0.6200153374233128,0.3799846625766871,,,,18640,20614.35,15.55,9.94,26.4,1864,195,,,,,,,,,,,,,,,,,
44024,Brains,244400404,presidentielle,2012,2,2012-05-06,hollande,0.82,0.02,0.005,0.6197283774124375,0.38027162258756253,,,,2499,20366.58,15.77,9.99,26.9,250,26,,,,,,,,,,,,,,,,,
44026,Carquefou,244400404,presidentielle,2012,2,2012-05-06,hollande,0.82,0.02,0.005,0.6199538638985006,0.3800461361014994,,,,18590,20613.58,15.55,9.94,26.4,1859,195,,,,,,,,,,,,,,,,,
44047,Couëron,244400404,presidentielle,2012,2,2012-05-06,hollande,0.8200000000000001,0.02,0.005,0.620021799278947,0.3799782007210531,,,,21311,20655.36,15.51,9.93,26.3,2131,224,,,,,,,,,,,,,,,,,
44074,Indre,244400404,presidentielle,2012,2,2012-05-06,hollande,0.82,0.02,0.005,0.620151371807001,0.379848628192999,,,,3777,20386.19,15.75,9.99,26.9,378,39,,,,,,,,,,,,,,,,,
44035,La Chapelle-sur-Erdre,244400404,presidentielle,2012,2,2012-05-06,hollande,0.82,0.02,0.005,0.6199653112353054,0.38003468876469454,,,,18543,20612.87,15.55,9.94,26.4,1854,194,,,,,,,,,,,,,,,,,
44101,La Montagne,244400404,presidentielle,2012,2,2012-05-06,hollande,0.82,0.02,0.005,0.6199697428139183,0.3800302571860817,,,,5905,20418.86,15.72,9.98,26.8,590,62,,,,,,,,,,,,,,,,,
44120,Le Pellerin,244400404,presidentielle,2012,2,2012-05-06,hollande,0.8199999999999998,0.02,0.005,0.6200517943026267,0.3799482056973733,,,,4830,20402.36,15.73,9.98,26.8,483,50,,,,,,,,,,,,,,,,,
44198,Les Sorinières,244400404,presidentielle,2012,2,2012-05-06,hollande,0.82,0.02,0.005,0.6199913830245584,0.38000861697544164,,,,8295,20455.56,15.69,9.97,26.7,829,87,,,,,,,,,,,,,,,,,
44094,Mauves-sur-Loire,244400404,presidentielle,2012,2,2012-05-06,hollande,0.82,0.02,0.005,0.6201279813845259,0.3798720186154741,,,,3072,20375.37,15.76,9.99,26.9,307,31,,,,,,,,,,,,,,,,,
44109,Nantes,244400404,presidentielle,2012,2,2012-05-06,hollande,0.82,0.02,0.005,0.6200006071829746,0.3799993928170254,,,,294282,24845.6,11.8,9.0,17.0,29428,3092,,,,,,,,,,,,,,,,,
44114,Orvault,244400404,presidentielle,2012,2,2012-05-06,hollande,0.82,0.02,0.005,0.620029249947768,0.3799707500522321,,,,25657,20722.06,15.45,9.91,26.1,2566,269,,,,,,,,,,,,,,,,,
44143,Rezé,244400404,presidentielle,2012,2,2012-05-06,hollande,0.82,0.02,0.005,0.620025498588471,0.379974501411529,,,,39243,20930.62,15.27,9.87,25.7,3924,412,,,,,,,,,,,,,,,,,
44150,Saint-Aignan-Grandlieu,244400404,presidentielle,2012,2,2012-05-06,hollande,0.8199999999999998,0.02,0.005,0.6201780415430267,0.3798219584569733,,,,3613,20383.68,15.75,9.99,26.9,361,37,,,,,,,,,,,,,,,,,
44162,Saint-Herblain,244400404,presidentielle,2012,2,2012-05-06,hollande,0.82,0.02,0.005,0.6200031230480949,0.37999687695190504,,,,45772,21030.85,15.18,9.84,25.4,4577,480,,,,,,,,,,,,,,,,,
44166,Saint-Jean-de-Boiseau,244400404,presidentielle,2012,2,2012-05-06,hollande,0.82,0.02,0.005,0.6199213630406291,0.3800786369593709,,,,5453,20411.93,15.73,9.98,26.8,545,57,,,,,,,,,,,,,,,,,
44171,Saint-Léger-les-Vignes,244400404,presidentielle,2012,2,2012-05-06,hollande,0.82,0.02,0.005,0.6199813258636788,0.3800186741363212,,,,1914,20357.6,15.77,9.99,26.9,191,20,,,,,,,,,,,,,,,,,
44190,Saint-Sébastien-sur-Loire,244400404,presidentielle,2012,2,2012-05-06,hollande,0.82,0.02,0.005,0.6199652173913044,0.38003478260869566,,,,25686,20722.51,15.45,9.91,26.1,2568,269,,,,,,,,,,,,,,,,,
44172,Sainte-Luce-sur-Loire,244400404,presidentielle,2012,2,2012-05-06,hollande,0.82,0.02,0.005,0.619997567205936,0.380002432794064,,,,14690,20553.72,15.6,9.95,26.5,1468,154,,,,,,,,,,,,,,,,,
44194,Sautron,244400404,presidentielle,2012,2,2012-05-06,hollande,0.8199999999999998,0.02,0.005,0.6200277520814061,0.3799722479185939,,,,7726,20446.81,15.69,9.97,26.7,772,81,,,,,,,,,,,,,,,,,
44204,Thouaré-sur-Loire,244400404,presidentielle,2012,2,2012-05-06,hollande,0.82,0.02,0.005,0.6200684561340299,0.3799315438659701,,,,9918,20480.47,15.67,9.97,26.7,991,104,,,,,,,,,,,,,,,,,
44215,Vertou,244400404,presidentielle,2012,2,2012-05-06,hollande,0.82,0.02,0.005,0.6199893915283776,0.3800106084716223,,,,23581,20690.2,15.48,9.92,26.2,2357,247,,,,,,,,,,,,,,,,,
44009,Basse-Goulaine,244400404,presidentielle,2017,1,2017-04-23,macron,0.8093387285699074,0.012775475297677785,0.003986579830274324,,,0.24759662546596037,,0.06925642534824407,9150,21505.63,15.18,9.22,25.7,914,94,0.29958799293702176,0.1967824210319796,0.11516578379438885,,,,,,,,,,,,,,
44018,Bouaye,244400404,presidentielle,2017,1,2017-04-23,macron,0.8093387285699074,0.012775475297677785,0.003986579830274324,,,0.24766461608566873,,0.06926406926406926,7879,21486.11,15.2,9.22,25.7,788,80,0.29961266803372066,0.19685577580314423,0.11506037821827296,,,,,,,,,,,,,,
44020,Bouguenais,244400404,presidentielle,2017,1,2017-04-23,macron,0.8093387285699073,0.012775475297677785,0.003986579830274324,,,0.24759461193072482,,0.0691835425639146,19591,21665.89,15.05,9.19,25.4,1959,200,0.29955099422706866,0.1967378356089068,0.11509209200036653,,,,,,,,,,,,,,
44024,Brains,244400404,presidentielle,2017,1,2017-04-23,macron,0.8093387285699074,0.012775475297677783,0.003986579830274324,,,0.24743677375256323,,0.06903622693096377,2626,21405.48,15.27,9.24,25.9,263,26,0.2993848257006152,0.19685577580314423,0.11551606288448393,,,,,,,,,,,,,,
44026,Carquefou,244400404,presidentielle,2017,1,2017-04-23,macron,0.8093387285699074,0.012775475297677783,0.003986579830274324,,,0.24754203804098135,,0.0691904805660204,19538,21665.08,15.05,9.19,25.4,1953,200,0.2995497565009648,0.19672884314986677,0.11513369475328494,,,,,,,,,,,,,,
44047,Couëron,244400404,presidentielle,2017,1,2017-04-23,macron,0.8093387285699074,0.012775475297677785,0.003986579830274324,,,0.2475755389917448,,0.06924741524404905,22398,21708.99,15.01,9.18,25.3,2240,229,0.2995912478961289,0.19676204215756993,0.11509176885469263,,,,,,,,,,,,,,
44074,Indre,244400404,presidentielle,2017,1,2017-04-23,macron,0.8093387285699075,0.012775475297677785,0.003986579830274324,,,0.2473993668023519,,0.06919945725915876,3970,21426.09,15.25,9.24,25.9,397,40,0.30031659882406153,0.19674355495251017,0.11533242876526459,,,,,,,,,,,,,,
44035,La Chapelle-sur-Erdre,244400404,presidentielle,2017,1,2017-04-23,macron,0.8093387285699074,0.012775475297677785,0.003986579830274324,,,0.24760501105379515,,0.06917833456153279,19489,21664.33,15.05,9.19,25.4,1949,199,0.2995578481945468,0.1967575534266765,0.11505158437730287,,,,,,,,,,,,,,
44101,La Montagne,244400404,presidentielle,2017,1,2017-04-23,macron,0.8093387285699074,0.012775475297677785,0.003986579830274324,,,0.24761353774949377,,0.06913508822678623,6206,21460.43,15.22,9.23,25.8,620,63,0.29968180503326586,0.19670234307202777,0.11512872432745155,,,,,,,,,,,,,,
44120,Le Pellerin,244400404,presidentielle,2017,1,2017-04-23,macron,0.8093387285699073,0.012775475297677785,0.003986579830274324,,,0.24752475247524752,,0.06930693069306931,5076,21443.09,15.23,9.23,25.8,507,52,0.2995049504950495,0.1966053748231966,0.11492220650636492,,,,,,,,,,,,,,
44198,Les Sorinières,244400404,presidentielle,2017,1,2017-04-23,macron,0.8093387285699074,0.012775475297677785,0.003986579830274324,,,0.2475288303130148,,0.06919275123558484,8718,21499.0,15.19,9.22,25.7,872,89,0.29962932454695224,0.19666392092257,0.11511532125205931,,,,,,,,,,,,,,
44094,Mauves-sur-Loire,244400404,presidentielle,2017,1,2017-04-23,macron,0.8093387285699074,0.012775475297677785,0.003986579830274324,,,0.2474972191323693,,0.06840934371523916,3228,21414.71,15.26,9.24,25.9,323,32,0.29977753058954393,0.19688542825361513,0.11512791991101223,,,,,,,,,,,,,,
44109,Nantes,244400404,presidentielle,2017,1,2017-04-23,macron,0.8093387285699074,0.012775475297677785,0.003986579830274324,,,0.2475607844958181,,0.06920929368677048,309293,26112.98,11.3,8.25,16.0,30929,3170,0.29956642617926854,0.1967508082350005,0.11508569902895716,,,,,,,,,,,,,,
44114,Orvault,244400404,presidentielle,2017,1,2017-04-23,macron,0.8093387285699074,0.012775475297677785,0.003986579830274324,,,0.24758671193662207,,0.06923640237001531,26965,21779.1,14.95,9.16,25.1,2696,276,0.2995805871779509,0.19672458558018774,0.11510551894015046,,,,,,,,,,,,,,
44143,Rezé,244400404,presidentielle,2017,1,2017-04-23,macron,0.8093387285699075,0.012775475297677783,0.003986579830274324,,,0.2475734494015234,,0.0692056583242655,41245,21998.3,14.77,9.12,24.7,4124,422,0.29958650707290535,0.19673558215451578,0.1150816104461371,,,,,,,,,,,,,,
44150,Saint-Aignan-Grandlieu,244400404,presidentielle,2017,1,2017-04-23,macron,0.8093387285699075,0.012775475297677785,0.003986579830274324,,,0.24775413711583924,,0.0690307328605201,3797,21423.45,15.25,9.24,25.9,380,38,0.29976359338061465,0.1966903073286052,0.1148936170212766,,,,,,,,,,,,,,
44162,Saint-Herblain,244400404,presidentielle,2017,1,2017-04-23,macron,0.8093387285699074,0.012775475297677785,0.003986579830274324,,,0.24755578774535414,,0.06922158370027615,48107,22103.63,14.68,9.09,24.4,4811,493,0.2995745951190387,0.19673109933577132,0.11508321516531085,,,,,,,,,,,,,,
44166,Saint-Jean-de-Boiseau,244400404,presidentielle,2017,1,2017-04-23,macron,0.8093387285699074,0.012775475297677783,0.003986579830274324,,,0.2474162229877858,,0.0692139054181021,5732,21453.14,15.23,9.23,25.8,573,59,0.29971813341684933,0.19668023802067022,0.11493892890698403,,,,,,,,,,,,,,
44171,Saint-Léger-les-Vignes,244400404,presidentielle,2017,1,2017-04-23,macron,0.8093387285699075,0.012775475297677785,0.003986579830274324,,,0.24732142857142858,,0.06964285714285715,2011,21396.04,15.27,9.24,25.9,201,20,0.3,0.19642857142857142,0.11517857142857142,,,,,,,,,,,,,,
44190,Saint-Sébastien-sur-Loire,244400404,presidentielle,2017,1,2017-04-23,macron,0.8093387285699074,0.012775475297677785,0.003986579830274324,,,0.24757281553398058,,0.06922463093496475,26996,21779.56,14.95,9.16,25.1,2699,276,0.29957441149088976,0.19676818725894402,0.11510839207341401,,,,,,,,,,,,,,
44172,Sainte-Luce-sur-Loire,244400404,presidentielle,2017,1,2017-04-23,macron,0.8093387285699074,0.012775475297677785,0.003986579830274324,,,0.24755813953488373,,0.06918604651162791,15439,21602.16,15.1,9.2,25.5,1543,158,0.29953488372093023,0.19674418604651162,0.11511627906976744,,,,,,,,,,,,,,
44194,Sautron,244400404,presidentielle,2017,1,2017-04-23,macron,0.8093387285699074,0.012775475297677785,0.003986579830274324,,,0.24762325889896086,,0.06920185717444174,8120,21489.8,15.19,9.22,25.7,812,83,0.29957992482865353,0.1967720539464957,0.11518903382710591,,,,,,,,,,,,,,
44204,Thouaré-sur-Loire,244400404,presidentielle,2017,1,2017-04-23,macron,0.8093387285699074,0.012775475297677783,0.003986579830274324,,,0.24763216807301533,,0.06922679524711554,10424,21525.18,15.17,9.22,25.7,1042,106,0.2994661615291889,0.19665920440847254,0.1150335801618736,,,,,,,,,,,,,,
44215,Vertou,244400404,presidentielle,2017,1,2017-04-23,macron,0.8093387285699074,0.012775475297677785,0.003986579830274324,,,0.24757351875995945,,0.06931768796175576,24784,21745.61,14.98,9.17,25.2,2478,254,0.2995798928002318,0.1967260611328408,0.11509488628132696,,,,,,,,,,,,,,
44009,Basse-Goulaine,244400404,presidentielle,2017,2,2017-05-07,macron,0.76,0.04,0.02,,,,,0.14991258741258742,9150,21505.63,15.18,9.22,25.7,914,94,0.8500874125874126,,,,,,,,,,,,,,,,
44018,Bouaye,244400404,presidentielle,2017,2,2017-05-07,macron,0.76,0.04,0.02,,,,,0.15,7879,21486.11,15.2,9.22,25.7,788,80,0.85,,,,,,,,,,,,,,,,
44020,Bouguenais,244400404,presidentielle,2017,2,2017-05-07,macron,0.7599999999999999,0.04,0.02,,,,,0.14994386036541799,19591,21665.89,15.05,9.19,25.4,1959,200,0.850056139634582,,,,,,,,,,,,,,,,
44024,Brains,244400404,presidentielle,2017,2,2017-05-07,macron,0.76,0.04,0.02,,,,,0.15003808073115005,2626,21405.48,15.27,9.24,25.9,263,26,0.84996191926885,,,,,,,,,,,,,,,,
44026,Carquefou,244400404,presidentielle,2017,2,2017-05-07,macron,0.76,0.04,0.02,,,,,0.1500358202845154,19538,21665.08,15.05,9.19,25.4,1953,200,0.8499641797154845,,,,,,,,,,,,,,,,
44047,Couëron,244400404,presidentielle,2017,2,2017-05-07,macron,0.76,0.04,0.02,,,,,0.1499866083385412,22398,21708.99,15.01,9.18,25.3,2240,229,0.8500133916614588,,,,,,,,,,,,,,,,
44074,Indre,244400404,presidentielle,2017,2,2017-05-07,macron,0.76,0.04,0.02,,,,,0.14962216624685137,3970,21426.09,15.25,9.24,25.9,397,40,0.8503778337531486,,,,,,,,,,,,,,,,
44035,La Chapelle-sur-Erdre,244400404,presidentielle,2017,2,2017-05-07,macron,0.76,0.04,0.02,,,,,0.15001026061974143,19489,21664.33,15.05,9.19,25.4,1949,199,0.8499897393802586,,,,,,,,,,,,,,,,
44101,La Montagne,244400404,presidentielle,2017,2,2017-05-07,macron,0.76,0.04,0.02,,,,,0.15017724782468578,6206,21460.43,15.22,9.23,25.8,620,63,0.8498227521753142,,,,,,,,,,,,,,,,
44120,Le Pellerin,244400404,presidentielle,2017,2,2017-05-07,macron,0.76,0.04,0.02,,,,,0.14972419227738376,5076,21443.09,15.23,9.23,25.8,507,52,0.8502758077226162,,,,,,,,,,,,,,,,
44198,Les Sorinières,244400404,presidentielle,2017,2,2017-05-07,macron,0.76,0.04,0.02,,,,,0.15,8718,21499.0,15.19,9.22,25.7,872,89,0.85,,,,,,,,,,,,,,,,
44094,Mauves-sur-Loire,244400404,presidentielle,2017,2,2017-05-07,macron,0.76,0.04,0.02,,,,,0.14993804213135067,3228,21414.71,15.26,9.24,25.9,323,32,0.8500619578686494,,,,,,,,,,,,,,,,
44109,Nantes,244400404,presidentielle,2017,2,2017-05-07,macron,0.76,0.04,0.02,,,,,0.14999579753153466,309293,26112.98,11.3,8.25,16.0,30929,3170,0.8500042024684653,,,,,,,,,,,,,,,,
44114,Orvault,244400404,presidentielle,2017,2,2017-05-07,macron,0.76,0.04,0.02,,,,,0.150018539117538,26965,21779.1,14.95,9.16,25.1,2696,276,0.849981460882462,,,,,,,,,,,,,,,,
44143,Rezé,244400404,presidentielle,2017,2,2017-05-07,macron,0.76,0.04,0.02,,,,,0.15000484824978183,41245,21998.3,14.77,9.12,24.7,4124,422,0.8499951517502182,,,,,,,,,,,,,,,,
44150,Saint-Aignan-Grandlieu,244400404,presidentielle,2017,2,2017-05-07,macron,0.76,0.04,0.02,,,,,0.1500789889415482,3797,21423.45,15.25,9.24,25.9,380,38,0.8499210110584519,,,,,,,,,,,,,,,,
44162,Saint-Herblain,244400404,presidentielle,2017,2,2017-05-07,macron,0.76,0.04,0.02,,,,,0.15001870557426114,48107,22103.63,14.68,9.09,24.4,4811,493,0.8499812944257389,,,,,,,,,,,,,,,,
44166,Saint-Jean-de-Boiseau,244400404,presidentielle,2017,2,2017-05-07,macron,0.76,0.04,0.02,,,,,0.15003489183531055,5732,21453.14,15.23,9.23,25.8,573,59,0.8499651081646895,,,,,,,,,,,,,,,,
44171,Saint-Léger-les-Vignes,244400404,presidentielle,2017,2,2017-05-07,macron,0.76,0.04,0.02,,,,,0.15009940357852883,2011,21396.04,15.27,9.24,25.9,201,20,0.8499005964214712,,,,,,,,,,,,,,,,
44190,Saint-Sébastien-sur-Loire,244400404,presidentielle,2017,2,2017-05-07,macron,0.76,0.04,0.02,,,,,0.15,26996,21779.56,14.95,9.16,25.1,2699,276,0.85,,,,,,,,,,,,,,,,
44172,Sainte-Luce-sur-Loire,244400404,presidentielle,2017,2,2017-05-07,macron,0.7599999999999999,0.04,0.02,,,,,0.14998057246470664,15439,21602.16,15.1,9.2,25.5,1543,158,0.8500194275352934,,,,,,,,,,,,,,,,
44194,Sautron,244400404,presidentielle,2017,2,2017-05-07,macron,0.76,0.04,0.02,,,,,0.1499630632849052,8120,21489.8,15.19,9.22,25.7,812,83,0.8500369367150948,,,,,,,,,,,,,,,,
44204,Thouaré-sur-Loire,244400404,presidentielle,2017,2,2017-05-07,macron,0.76,0.04,0.02,,,,,0.15000959140610012,10424,21525.18,15.17,9.22,25.7,1042,106,0.8499904085938998,,,,,,,,,,,,,,,,
44215,Vertou,244400404,presidentielle,2017,2,2017-05-07,macron,0.76,0.04,0.02,,,,,0.14999193157979668,24784,21745.61,14.98,9.17,25.2,2478,254,0.8500080684202034,,,,,,,,,,,,,,,,
44009,Basse-Goulaine,244400404,presidentielle,2022,1,2022-04-10,melenchon,0.7550139848425627,0.012075004874375576,0.0036776323308927838,,,0.3320007995202878,,0.08155106935838496,9617,22602.63,14.68,8.47,24.7,961,96,0.2970217869278433,,,0.09134519288426944,0.06156306216270238,,,,,,,,,,,,
44018,Bouaye,244400404,presidentielle,2022,1,2022-04-10,melenchon,0.7550139848425627,0.012075004874375576,0.0036776323308927838,,,0.3319405756731662,,0.08147632311977716,8281,22582.12,14.7,8.47,24.7,828,82,0.2971216341689879,,,0.09122562674094707,0.061745589600742806,,,,,,,,,,,,
44020,Bouguenais,244400404,presidentielle,2022,1,2022-04-10,melenchon,0.7550139848425627,0.012075004874375576,0.003677632330892784,,,0.33199514517785456,,0.08150499486509197,20590,22771.07,14.55,8.44,24.4,2059,205,0.29707777051629164,,,0.09121463915600785,0.06161889646158155,,,,,,,,,,,,
44024,Brains,244400404,presidentielle,2022,1,2022-04-10,melenchon,0.7550139848425627,0.012075004874375574,0.003677632330892784,,,0.3321727019498607,,0.08147632311977716,2760,22497.37,14.77,8.49,24.9,276,27,0.29735376044568246,,,0.09122562674094707,0.06197771587743733,,,,,,,,,,,,
44026,Carquefou,244400404,presidentielle,2022,1,2022-04-10,melenchon,0.7550139848425628,0.012075004874375576,0.003677632330892784,,,0.33177307620295826,,0.08153903763340198,20535,22770.22,14.55,8.44,24.4,2053,205,0.2971353679086313,,,0.09127504212694253,0.06169256693503089,,,,,,,,,,,,
44047,Couëron,244400404,presidentielle,2022,1,2022-04-10,melenchon,0.7550139848425627,0.012075004874375576,0.0036776323308927838,,,0.3320267842560836,,0.08149599869345092,23541,22816.37,14.51,8.43,24.3,2354,235,0.2970765964396538,,,0.09121345745549567,0.06165278458272089,,,,,,,,,,,,
44074,Indre,244400404,presidentielle,2022,1,2022-04-10,melenchon,0.7550139848425627,0.012075004874375576,0.003677632330892784,,,0.3313364055299539,,0.0815668202764977,4172,22519.04,14.75,8.49,24.9,417,41,0.29723502304147464,,,0.0912442396313364,0.06175115207373272,,,,,,,,,,,,
44035,La Chapelle-sur-Erdre,244400404,presidentielle,2022,1,2022-04-10,melenchon,0.7550139848425627,0.012075004874375576,0.0036776323308927838,,,0.3321445330830596,,0.08146410136086345,20483,22769.43,14.55,8.44,24.4,2048,204,0.2971374941342093,,,0.09122477709995308,0.061661191928671984,,,,,,,,,,,,
44101,La Montagne,244400404,presidentielle,2022,1,2022-04-10,melenchon,0.7550139848425627,0.012075004874375576,0.0036776323308927838,,,0.33215443560271146,,0.0816386678455644,6523,22555.13,14.72,8.48,24.8,652,65,0.29708222811671087,,,0.09136457412319482,0.06159740642499263,,,,,,,,,,,,
44120,Le Pellerin,244400404,presidentielle,2022,1,2022-04-10,melenchon,0.7550139848425627,0.012075004874375576,0.0036776323308927838,,,0.3318918918918919,,0.08144144144144144,5335,22536.9,14.73,8.48,24.8,533,53,0.2972972972972973,,,0.09117117117117117,0.061621621621621624,,,,,,,,,,,,
44198,Les Sorinières,244400404,presidentielle,2022,1,2022-04-10,melenchon,0.7550139848425625,0.012075004874375576,0.003677632330892784,,,0.33193453629878306,,0.08161980696600923,9163,22595.66,14.69,8.47,24.7,916,91,0.2971044901384809,,,0.09127150650440621,0.061686949223667645,,,,,,,,,,,,
44094,Mauves-sur-Loire,244400404,presidentielle,2022,1,2022-04-10,melenchon,0.7550139848425627,0.012075004874375576,0.0036776323308927838,,,0.3320113314447592,,0.08158640226628895,3393,22507.08,14.76,8.49,24.9,339,33,0.29688385269121814,,,0.09121813031161473,0.06175637393767705,,,,,,,,,,,,
44109,Nantes,244400404,presidentielle,2022,1,2022-04-10,melenchon,0.7550139848425628,0.012075004874375576,0.0036776323308927838,,,0.3319830155651228,,0.08149808392865591,325070,27445.0,10.8,7.5,15.0,32507,3250,0.2971270757439561,,,0.09125585466244027,0.061663197237072434,,,,,,,,,,,,
44114,Orvault,244400404,presidentielle,2022,1,2022-04-10,melenchon,0.7550139848425627,0.012075004874375576,0.0036776323308927838,,,0.3320898053313437,,0.08146238893033982,28341,22890.05,14.45,8.41,24.1,2834,283,0.2970901444753442,,,0.09122973614596758,0.061656379298650206,,,,,,,,,,,,
44143,Rezé,244400404,presidentielle,2022,1,2022-04-10,melenchon,0.7550139848425627,0.012075004874375576,0.0036776323308927838,,,0.3319881147722737,,0.0815113752272828,43349,23120.43,14.27,8.37,23.7,4334,433,0.2971306931571245,,,0.09126790545035257,0.061643531863940754,,,,,,,,,,,,
44150,Saint-Aignan-Grandlieu,244400404,presidentielle,2022,1,2022-04-10,melenchon,0.7550139848425627,0.012075004874375576,0.0036776323308927838,,,0.33188824662813105,,0.08140655105973026,3991,22516.26,14.75,8.49,24.9,399,39,0.2972061657032755,,,0.09152215799614644,0.06165703275529865,,,,,,,,,,,,
44162,Saint-Herblain,244400404,presidentielle,2022,1,2022-04-10,melenchon,0.7550139848425627,0.012075004874375576,0.0036776323308927838,,,0.3320025854530246,,0.08147979164290331,50561,23231.14,14.18,8.34,23.4,5056,505,0.29713699098893576,,,0.09125128322117029,0.06167065891030759,,,,,,,,,,,,
44166,Saint-Jean-de-Boiseau,244400404,presidentielle,2022,1,2022-04-10,melenchon,0.7550139848425627,0.012075004874375576,0.0036776323308927838,,,0.3318442884492661,,0.08136566687938736,6024,22547.47,14.73,8.48,24.8,602,60,0.2970644543714103,,,0.09125717932354818,0.06158264199106573,,,,,,,,,,,,
44171,Saint-Léger-les-Vignes,244400404,presidentielle,2022,1,2022-04-10,melenchon,0.7550139848425627,0.012075004874375576,0.003677632330892784,,,0.33181818181818185,,0.08181818181818182,2114,22487.45,14.77,8.49,24.9,211,21,0.2972727272727273,,,0.09090909090909091,0.06181818181818182,,,,,,,,,,,,
44190,Saint-Sébastien-sur-Loire,244400404,presidentielle,2022,1,2022-04-10,melenchon,0.7550139848425627,0.012075004874375576,0.0036776323308927838,,,0.33200081306321566,,0.08150958737041805,28373,22890.54,14.45,8.41,24.1,2837,283,0.29710685005759196,,,0.09126634595839826,0.061657293854597194,,,,,,,,,,,,
44172,Sainte-Luce-sur-Loire,244400404,presidentielle,2022,1,2022-04-10,melenchon,0.7550139848425627,0.012075004874375576,0.0036776323308927838,,,0.33195119061722544,,0.08150693045847648,16227,22704.09,14.6,8.45,24.5,1622,162,0.2971211941713067,,,0.09122141926312048,0.06172254472218931,,,,,,,,,,,,
44194,Sautron,244400404,presidentielle,2022,1,2022-04-10,melenchon,0.7550139848425627,0.012075004874375576,0.0036776323308927833,,,0.3320567695426898,,0.08154989862581663,8534,22586.0,14.69,8.47,24.7,853,85,0.2971389952692048,,,0.09123676503717053,0.061725613876999326,,,,,,,,,,,,
44204,Thouaré-sur-Loire,244400404,presidentielle,2022,1,2022-04-10,melenchon,0.7550139848425627,0.012075004874375576,0.0036776323308927838,,,0.33198806808211967,,0.08141779259519213,10956,22623.18,14.67,8.47,24.7,1095,109,0.29706966134409546,,,0.09124407790840498,0.06158975258817336,,,,,,,,,,,,
44215,Vertou,244400404,presidentielle,2022,1,2022-04-10,melenchon,0.7550139848425627,0.012075004874375577,0.0036776323308927838,,,0.33195571955719555,,0.0814760147601476,26048,22854.85,14.48,8.42,24.2,2604,260,0.29712177121771216,,,0.09129151291512916,0.06169741697416974,,,,,,,,,,,,
44009,Basse-Goulaine,244400404,presidentielle,2022,2,2022-04-24,macron,0.7499999999999999,0.03,0.01,,,,,0.23994223230864453,9617,22602.63,14.68,8.47,24.7,961,96,0.7600577676913555,,,,,,,,,,,,,,,,
44018,Bouaye,244400404,presidentielle,2022,2,2022-04-24,macron,0.75,0.030000000000000002,0.01,,,,,0.24005749880210828,8281,22582.12,14.7,8.47,24.7,828,82,0.7599425011978918,,,,,,,,,,,,,,,,
44020,Bouguenais,244400404,presidentielle,2022,2,2022-04-24,macron,0.75,0.030000000000000002,0.01,,,,,0.24005011082201022,20590,22771.07,14.55,8.44,24.4,2059,205,0.7599498891779898,,,,,,,,,,,,,,,,
44024,Brains,244400404,presidentielle,2022,2,2022-04-24,macron,0.75,0.03,0.01,,,,,0.24011502516175415,2760,22497.37,14.77,8.49,24.9,276,27,0.7598849748382459,,,,,,,,,,,,,,,,
44026,Carquefou,244400404,presidentielle,2022,2,2022-04-24,macron,0.75,0.03,0.01,,,,,0.24,20535,22770.22,14.55,8.44,24.4,2053,205,0.76,,,,,,,,,,,,,,,,
44047,Couëron,244400404,presidentielle,2022,2,2022-04-24,macron,0.75,0.03,0.01,,,,,0.24003371260008427,23541,22816.37,14.51,8.43,24.3,2354,235,0.7599662873999157,,,,,,,,,,,,,,,,
44074,Indre,244400404,presidentielle,2022,2,2022-04-24,macron,0.75,0.03,0.01,,,,,0.24013314312886352,4172,22519.04,14.75,8.49,24.9,417,41,0.7598668568711364,,,,,,,,,,,,,,,,
44035,La Chapelle-sur-Erdre,244400404,presidentielle,2022,2,2022-04-24,macron,0.75,0.03,0.01,,,,,0.24004649811101425,20483,22769.43,14.55,8.44,24.4,2048,204,0.7599535018889858,,,,,,,,,,,,,,,,
44101,La Montagne,244400404,presidentielle,2022,2,2022-04-24,macron,0.75,0.03,0.01,,,,,0.23996350364963503,6523,22555.13,14.72,8.48,24.8,652,65,0.760036496350365,,,,,,,,,,,,,,,,
44120,Le Pellerin,244400404,presidentielle,2022,2,2022-04-24,macron,0.75,0.030000000000000002,0.01,,,,,0.23986612123465972,5335,22536.9,14.73,8.48,24.8,533,53,0.7601338787653402,,,,,,,,,,,,,,,,
44198,Les Sorinières,244400404,presidentielle,2022,2,2022-04-24,macron,0.75,0.030000000000000002,0.01,,,,,0.23993070593330446,9163,22595.66,14.69,8.47,24.7,916,91,0.7600692940666955,,,,,,,,,,,,,,,,
44094,Mauves-sur-Loire,244400404,presidentielle,2022,2,2022-04-24,macron,0.75,0.029999999999999995,0.01,,,,,0.23976608187134502,3393,22507.08,14.76,8.49,24.9,339,33,0.7602339181286549,,,,,,,,,,,,,,,,
44109,Nantes,244400404,presidentielle,2022,2,2022-04-24,macron,0.75,0.03,0.01,,,,,0.23999755851924193,325070,27445.0,10.8,7.5,15.0,32507,3250,0.7600024414807581,,,,,,,,,,,,,,,,
44114,Orvault,244400404,presidentielle,2022,2,2022-04-24,macron,0.75,0.03,0.01,,,,,0.2399887986558387,28341,22890.05,14.45,8.41,24.1,2834,283,0.7600112013441613,,,,,,,,,,,,,,,,
44143,Rezé,244400404,presidentielle,2022,2,2022-04-24,macron,0.75,0.03,0.01,,,,,0.24002196997436837,43349,23120.43,14.27,8.37,23.7,4334,433,0.7599780300256317,,,,,,,,,,,,,,,,
44150,Saint-Aignan-Grandlieu,244400404,presidentielle,2022,2,2022-04-24,macron,0.7499999999999999,0.03,0.01,,,,,0.23968175037294878,3991,22516.26,14.75,8.49,24.9,399,39,0.7603182496270512,,,,,,,,,,,,,,,,
44162,Saint-Herblain,244400404,presidentielle,2022,2,2022-04-24,macron,0.75,0.030000000000000002,0.01,,,,,0.2400031393478005,50561,23231.14,14.18,8.34,23.4,5056,505,0.7599968606521995,,,,,,,,,,,,,,,,
44166,Saint-Jean-de-Boiseau,244400404,presidentielle,2022,2,2022-04-24,macron,0.75,0.030000000000000002,0.01,,,,,0.24011857707509882,6024,22547.47,14.73,8.48,24.8,602,60,0.7598814229249012,,,,,,,,,,,,,,,,
44171,Saint-Léger-les-Vignes,244400404,presidentielle,2022,2,2022-04-24,macron,0.75,0.03,0.01,,,,,0.2403755868544601,2114,22487.45,14.77,8.49,24.9,211,21,0.7596244131455399,,,,,,,,,,,,,,,,
44190,Saint-Sébastien-sur-Loire,244400404,presidentielle,2022,2,2022-04-24,macron,0.75,0.03,0.01,,,,,0.24,28373,22890.54,14.45,8.41,24.1,2837,283,0.76,,,,,,,,,,,,,,,,
44172,Sainte-Luce-sur-Loire,244400404,presidentielle,2022,2,2022-04-24,macron,0.75,0.03,0.01,,,,,0.23991195891415995,16227,22704.09,14.6,8.45,24.5,1622,162,0.76008804108584,,,,,,,,,,,,,,,,
44194,Sautron,244400404,presidentielle,2022,2,2022-04-24,macron,0.75,0.03,0.01,,,,,0.2399441990234829,8534,22586.0,14.69,8.47,24.7,853,85,0.760055800976517,,,,,,,,,,,,,,,,
44204,Thouaré-sur-Loire,244400404,presidentielle,2022,2,2022-04-24,macron,0.75,0.03,0.01,,,,,0.2399492937341543,10956,22623.18,14.67,8.47,24.7,1095,109,0.7600507062658457,,,,,,,,,,,,,,,,
44215,Vertou,244400404,presidentielle,2022,2,2022-04-24,macron,0.75,0.03,0.01,,,,,0.24002132845825716,26048,22854.85,14.48,8.42,24.2,2604,260,0.7599786715417428,,,,,,,,,,,,,,,,
44009,Basse-Goulaine,244400404,legislative,2012,1,2012-06-10,ps,0.65,0.03,0.02,,,,,,8706,20461.87,15.68,9.97,26.7,870,91,,,,,,0.31995748073345737,0.26999734254584107,0.1400478341748605,0.09992027637523253,0.06989104437948446,,,,,,,
44018,Bouaye,244400404,legislative,2012,1,2012-06-10,ps,0.65,0.03,0.020000000000000004,,,,,,7497,20443.3,15.7,9.97,26.7,750,78,,,,,,0.31996297439062016,0.26997840172786175,0.1400802221536563,0.09996914532551682,0.07004011107682814,,,,,,,
44020,Bouguenais,244400404,legislative,2012,1,2012-06-10,ps,0.65,0.03,0.02,,,,,,18640,20614.35,15.55,9.94,26.4,1864,195,,,,,,0.31997021223780564,0.2698274792106243,0.1400024823135162,0.10003723470274295,0.0700012411567581,,,,,,,
44024,Brains,244400404,legislative,2012,1,2012-06-10,ps,0.65,0.03,0.02,,,,,,2499,20366.58,15.77,9.99,26.9,250,26,,,,,,0.32037037037037036,0.27037037037037037,0.1398148148148148,0.1,0.07037037037037037,,,,,,,
44026,Carquefou,244400404,legislative,2012,1,2012-06-10,ps,0.65,0.03,0.02,,,,,,18590,20613.58,15.55,9.94,26.4,1859,195,,,,,,0.3199352911896466,0.2700348432055749,0.13999502239920358,0.10004977600796416,0.070059731209557,,,,,,,
44047,Couëron,244400404,legislative,2012,1,2012-06-10,ps,0.65,0.029999999999999995,0.02,,,,,,21311,20655.36,15.51,9.93,26.3,2131,224,,,,,,0.3200173686495875,0.2699739470256188,0.14003473729917498,0.09997828918801563,0.07001736864958749,,,,,,,
44074,Indre,244400404,legislative,2012,1,2012-06-10,ps,0.65,0.03,0.02,,,,,,3777,20386.19,15.75,9.99,26.9,378,39,,,,,,0.320269442743417,0.2700551132884262,0.14023270055113288,0.0998162890385793,0.06981016533986528,,,,,,,
44035,La Chapelle-sur-Erdre,244400404,legislative,2012,1,2012-06-10,ps,0.65,0.03,0.02,,,,,,18543,20612.87,15.55,9.94,26.4,1854,194,,,,,,0.3200249532127261,0.2699937616968185,0.13998752339363693,0.10006238303181535,0.06999376169681847,,,,,,,
44101,La Montagne,244400404,legislative,2012,1,2012-06-10,ps,0.65,0.03,0.02,,,,,,5905,20418.86,15.72,9.98,26.8,590,62,,,,,,0.320141065830721,0.2699843260188088,0.1391065830721003,0.09992163009404388,0.07014106583072101,,,,,,,
44120,Le Pellerin,244400404,legislative,2012,1,2012-06-10,ps,0.65,0.030000000000000002,0.02,,,,,,4830,20402.36,15.73,9.98,26.8,483,50,,,,,,0.31992337164750956,0.27011494252873564,0.13984674329501914,0.10009578544061302,0.06992337164750957,,,,,,,
44198,Les Sorinières,244400404,legislative,2012,1,2012-06-10,ps,0.65,0.03,0.02,,,,,,8295,20455.56,15.69,9.97,26.7,829,87,,,,,,0.3198549916341327,0.26993865030674846,0.1399888455103179,0.10011154489682098,0.06999442275515895,,,,,,,
44094,Mauves-sur-Loire,244400404,legislative,2012,1,2012-06-10,ps,0.65,0.03,0.02,,,,,,3072,20375.37,15.76,9.99,26.9,307,31,,,,,,0.3200301204819277,0.2703313253012048,0.14006024096385541,0.10015060240963855,0.07003012048192771,,,,,,,
44109,Nantes,244400404,legislative,2012,1,2012-06-10,ps,0.65,0.03,0.02,,,,,,294282,24845.6,11.8,9.0,17.0,29428,3092,,,,,,0.3200003144579923,0.2700014936754636,0.14000455964088898,0.09999764156505743,0.0699983490955402,,,,,,,
44114,Orvault,244400404,legislative,2012,1,2012-06-10,ps,0.65,0.029999999999999995,0.02,,,,,,25657,20722.06,15.45,9.91,26.1,2566,269,,,,,,0.3200180342651037,0.26988277727682597,0.1400360685302074,0.1,0.06997294860234446,,,,,,,
44143,Rezé,244400404,legislative,2012,1,2012-06-10,ps,0.65,0.03,0.02,,,,,,39243,20930.62,15.27,9.87,25.7,3924,412,,,,,,0.31999056770618406,0.2699994104816365,0.14001061133054293,0.09998231444909508,0.06997582974709662,,,,,,,
44150,Saint-Aignan-Grandlieu,244400404,legislative,2012,1,2012-06-10,ps,0.65,0.029999999999999995,0.020000000000000004,,,,,,3613,20383.68,15.75,9.99,26.9,361,37,,,,,,0.3201024327784891,0.2701664532650448,0.14020486555697823,0.0998719590268886,0.06914212548015365,,,,,,,
44162,Saint-Herblain,244400404,legislative,2012,1,2012-06-10,ps,0.65,0.03,0.02,,,,,,45772,21030.85,15.18,9.84,25.4,4577,480,,,,,,0.31998989133181704,0.27000252716704576,0.1400050543340915,0.09997472832954259,0.07000252716704575,,,,,,,
44166,Saint-Jean-de-Boiseau,244400404,legislative,2012,1,2012-06-10,ps,0.65,0.03,0.02,,,,,,5453,20411.93,15.73,9.98,26.8,545,57,,,,,,0.3198981756470089,0.2694102672889266,0.14000848536274926,0.10012728044123886,0.07000424268137463,,,,,,,
44171,Saint-Léger-les-Vignes,244400404,legislative,2012,1,2012-06-10,ps,0.65,0.029999999999999995,0.02,,,,,,1914,20357.6,15.77,9.99,26.9,191,20,,,,,,0.32043530834340994,0.26964933494558646,0.14026602176541716,0.1003627569528416,0.07013301088270858,,,,,,,
44190,Saint-Sébastien-sur-Loire,244400404,legislative,2012,1,2012-06-10,ps,0.65,0.03,0.02,,,,,,25686,20722.51,15.45,9.91,26.1,2568,269,,,,,,0.32000360262991984,0.27001711249211924,0.14005223813383771,0.09997298027560118,0.06998108619292083,,,,,,,
44172,Sainte-Luce-sur-Loire,244400404,legislative,2012,1,2012-06-10,ps,0.65,0.03,0.02,,,,,,14690,20553.72,15.6,9.95,26.5,1468,154,,,,,,0.32,0.2699212598425197,0.14,0.1,0.06992125984251968,,,,,,,
44194,Sautron,244400404,legislative,2012,1,2012-06-10,ps,0.65,0.03,0.02,,,,,,7726,20446.81,15.69,9.97,26.7,772,81,,,,,,0.320059880239521,0.27005988023952093,0.14011976047904193,0.1,0.07005988023952096,,,,,,,
44204,Thouaré-sur-Loire,244400404,legislative,2012,1,2012-06-10,ps,0.65,0.03,0.02,,,,,,9918,20480.47,15.67,9.97,26.7,991,104,,,,,,0.32003732213669234,0.2701189643107068,0.13995801259622112,0.1000699790062981,0.06997900629811056,,,,,,,
44215,Vertou,244400404,legislative,2012,1,2012-06-10,ps,0.65,0.029999999999999995,0.02,,,,,,23581,20690.2,15.48,9.92,26.2,2357,247,,,,,,0.32002354557048956,0.2699892082801923,0.13999803786912587,0.09987246149318159,0.07004807220641616,,,,,,,
44009,Basse-Goulaine,244400404,legislative,2017,1,2017-06-11,lrem,0.62,0.03,0.02,,,,,,9150,21505.63,15.18,9.22,25.7,914,94,,,,,,0.05009276437847866,0.16008481314603765,,0.06997084548104957,,0.46965279618340844,0.12006360985952823,,,,,
44018,Bouaye,244400404,legislative,2017,1,2017-06-11,lrem,0.62,0.03,0.020000000000000004,,,,,,7879,21486.11,15.2,9.22,25.7,788,80,,,,,,0.050169282856263465,0.1600492459218221,,0.06986765158510311,,0.46999076638965837,0.12003693444136658,,,,,
44020,Bouguenais,244400404,legislative,2017,1,2017-06-11,lrem,0.62,0.03,0.02,,,,,,19591,21665.89,15.05,9.19,25.4,1959,200,,,,,,0.050018571251702365,0.1599603813297016,,0.07007552309025629,,0.46997647641451035,0.11997028599727622,,,,,
44024,Brains,244400404,legislative,2017,1,2017-06-11,lrem,0.62,0.03,0.02,,,,,,2626,21405.48,15.27,9.24,25.9,263,26,,,,,,0.04986149584487535,0.15974145891043398,,0.07017543859649122,,0.46999076638965837,0.12003693444136658,,,,,
44026,Carquefou,244400404,legislative,2017,1,2017-06-11,lrem,0.62,0.03,0.02,,,,,,19538,21665.08,15.05,9.19,25.4,1953,200,,,,,,0.05002482621648461,0.1600049652432969,,0.07000993048659385,,0.4699602780536246,0.12003475670307845,,,,,
44047,Couëron,244400404,legislative,2017,1,2017-06-11,lrem,0.6199999999999999,0.03,0.02,,,,,,22398,21708.99,15.01,9.18,25.3,2240,229,,,,,,0.050027070925825666,0.16004331348132106,,0.07005955603681646,,0.4699512723335138,0.11997834325933947,,,,,
44074,Indre,244400404,legislative,2017,1,2017-06-11,lrem,0.62,0.03,0.02,,,,,,3970,21426.09,15.25,9.24,25.9,397,40,,,,,,0.0500916310323763,0.16004886988393402,,0.07025045815516189,,0.46976175931582165,0.11973121563836286,,,,,
44035,La Chapelle-sur-Erdre,244400404,legislative,2017,1,2017-06-11,lrem,0.62,0.03,0.02,,,,,,19489,21664.33,15.05,9.19,25.4,1949,199,,,,,,0.050031113876789046,0.16004978220286248,,0.06994399502177971,,0.4700684505289359,0.11997510889856876,,,,,
44101,La Montagne,244400404,legislative,2017,1,2017-06-11,lrem,0.62,0.030000000000000002,0.02,,,,,,6206,21460.43,15.22,9.23,25.8,620,63,,,,,,0.05001953888237593,0.1602188354826104,,0.06994919890582259,,0.47010550996483,0.11996873778819851,,,,,
44120,Le Pellerin,244400404,legislative,2017,1,2017-06-11,lrem,0.62,0.03,0.02,,,,,,5076,21443.09,15.23,9.23,25.8,507,52,,,,,,0.05016722408026756,0.16005733397037744,,0.0692785475394171,,0.47013855709507885,0.11992355470616341,,,,,
44198,Les Sorinières,244400404,legislative,2017,1,2017-06-11,lrem,0.62,0.03,0.02,,,,,,8718,21499.0,15.19,9.22,25.7,872,89,,,,,,0.05008347245409015,0.15998887033945464,,0.07011686143572621,,0.46967167501391205,0.11992209237618252,,,,,
44094,Mauves-sur-Loire,244400404,legislative,2017,1,2017-06-11,lrem,0.62,0.03,0.02,,,,,,3228,21414.71,15.26,9.24,25.9,323,32,,,,,,0.05033809166040571,0.16003005259203607,,0.06987227648384674,,0.47032306536438767,0.12021036814425244,,,,,
44109,Nantes,244400404,legislative,2017,1,2017-06-11,lrem,0.62,0.03,0.02,,,,,,309293,26112.98,11.3,8.25,16.0,30929,3170,,,,,,0.049999215821583724,0.15999592227223539,,0.07000360722071486,,0.46999733379338465,0.12000282304229859,,,,,
44114,Orvault,244400404,legislative,2017,1,2017-06-11,lrem,0.62,0.03,0.02,,,,,,26965,21779.1,14.95,9.16,25.1,2696,276,,,,,,0.05000899442345746,0.16001079330814894,,0.06997661449901062,,0.4699586256520957,0.11998560892246807,,,,,
44143,Rezé,244400404,legislative,2017,1,2017-06-11,lrem,0.62,0.03,0.02,,,,,,41245,21998.3,14.77,9.12,24.7,4124,422,,,,,,0.049985298441634816,0.16001176124669214,,0.06997941781828874,,0.4700382240517495,0.1200235224933843,,,,,
44150,Saint-Aignan-Grandlieu,244400404,legislative,2017,1,2017-06-11,lrem,0.62,0.029999999999999995,0.02,,,,,,3797,21423.45,15.25,9.24,25.9,380,38,,,,,,0.04980842911877394,0.15964240102171137,,0.070242656449553,,0.46998722860791825,0.12005108556832694,,,,,
44162,Saint-Herblain,244400404,legislative,2017,1,2017-06-11,lrem,0.62,0.03,0.02,,,,,,48107,22103.63,14.68,9.09,24.4,4811,493,,,,,,0.05001260398285858,0.16002016637257374,,0.07002772876228888,,0.46997731283085453,0.11998991681371313,,,,,
44166,Saint-Jean-de-Boiseau,244400404,legislative,2017,1,2017-06-11,lrem,0.62,0.03,0.02,,,,,,5732,21453.14,15.23,9.23,25.8,573,59,,,,,,0.04993652137113838,0.1599661447312738,,0.06940330088870081,,0.4701650444350402,0.12018620397799408,,,,,
44171,Saint-Léger-les-Vignes,244400404,legislative,2017,1,2017-06-11,lrem,0.62,0.03,0.02,,,,,,2011,21396.04,15.27,9.24,25.9,201,20,,,,,,0.04945717732207479,0.16043425814234016,,0.06996381182147166,,0.4704463208685163,0.12062726176115803,,,,,
44190,Saint-Sébastien-sur-Loire,244400404,legislative,2017,1,2017-06-11,lrem,0.62,0.03,0.02,,,,,,26996,21779.56,14.95,9.16,25.1,2699,276,,,,,,0.05004492362982929,0.16001796945193172,,0.06999101527403415,,0.46990116801437554,0.12003593890386344,,,,,
44172,Sainte-Luce-sur-Loire,244400404,legislative,2017,1,2017-06-11,lrem,0.62,0.03,0.019999999999999997,,,,,,15439,21602.16,15.1,9.2,25.5,1543,158,,,,,,0.04996072270227808,0.15978004713275726,,0.07007069913589944,,0.47007069913589944,0.12003142183817753,,,,,
44194,Sautron,244400404,legislative,2017,1,2017-06-11,lrem,0.62,0.03,0.02,,,,,,8120,21489.8,15.19,9.22,25.7,812,83,,,,,,0.049880525686977296,0.16009557945041816,,0.06989247311827956,,0.470131421744325,0.12007168458781362,,,,,
44204,Thouaré-sur-Loire,244400404,legislative,2017,1,2017-06-11,lrem,0.62,0.03,0.02,,,,,,10424,21525.18,15.17,9.22,25.7,1042,106,,,,,,0.050023266635644485,0.16007445323406236,,0.07003257328990228,,0.46975337366216846,0.12005583992554676,,,,,
44215,Vertou,244400404,legislative,2017,1,2017-06-11,lrem,0.62,0.029999999999999995,0.02,,,,,,24784,21745.61,14.98,9.17,25.2,2478,254,,,,,,0.050009786651008026,0.16001174398120963,,0.06987668819729888,,0.47005284791544333,0.11998434135838716,,,,,
44009,Basse-Goulaine,244400404,legislative,2022,1,2022-06-12,re,0.6,0.03,0.02,,,,,,9617,22602.63,14.68,8.47,24.7,961,96,,,,,,,0.07010685431326558,,0.15011727912431588,,,,0.4000521240552515,0.29971331769611675,0.08001042481105029,,
44018,Bouaye,244400404,legislative,2022,1,2022-06-12,re,0.6,0.03,0.02,,,,,,8281,22582.12,14.7,8.47,24.7,828,82,,,,,,,0.06991525423728813,,0.15012106537530268,,,,0.4001210653753027,0.29993946731234866,0.07990314769975787,,
44020,Bouguenais,244400404,legislative,2022,1,2022-06-12,re,0.6,0.03,0.02,,,,,,20590,22771.07,14.55,8.44,24.4,2059,205,,,,,,,0.06999391357273281,,0.14996956786366403,,,,0.4,0.3000608642726719,0.07997565429093122,,
44024,Brains,244400404,legislative,2022,1,2022-06-12,re,0.6,0.030000000000000002,0.02,,,,,,2760,22497.37,14.77,8.49,24.9,276,27,,,,,,,0.06993642143505904,,0.14986376021798364,,,,0.40054495912806537,0.2997275204359673,0.07992733878292461,,
44026,Carquefou,244400404,legislative,2022,1,2022-06-12,re,0.6,0.030000000000000002,0.02,,,,,,20535,22770.22,14.55,8.44,24.4,2053,205,,,,,,,0.07005980715244721,,0.15000610277065787,,,,0.3999755889173685,0.30001220554131575,0.07994629561821066,,
44047,Couëron,244400404,legislative,2022,1,2022-06-12,re,0.6,0.029999999999999995,0.02,,,,,,23541,22816.37,14.51,8.43,24.3,2354,235,,,,,,,0.07005216650697328,,0.15000532311295645,,,,0.39997870754817416,0.3000106462259129,0.07995315660598318,,
44074,Indre,244400404,legislative,2022,1,2022-06-12,re,0.6,0.03,0.02,,,,,,4172,22519.04,14.75,8.49,24.9,417,41,,,,,,,0.07027027027027027,,0.15015015015015015,,,,0.4,0.2996996996996997,0.07987987987987988,,
44035,La Chapelle-sur-Erdre,244400404,legislative,2022,1,2022-06-12,re,0.6,0.03,0.02,,,,,,20483,22769.43,14.55,8.44,24.4,2048,204,,,,,,,0.06998654104979811,,0.15000611770463723,,,,0.39997552918145113,0.30001223540927446,0.08001957665483911,,
44101,La Montagne,244400404,legislative,2022,1,2022-06-12,re,0.6,0.03,0.02,,,,,,6523,22555.13,14.72,8.48,24.8,652,65,,,,,,,0.06991932385708798,,0.15021129466000768,,,,0.39992316557817903,0.3000384172109105,0.07990779869381483,,
44120,Le Pellerin,244400404,legislative,2022,1,2022-06-12,re,0.6,0.03,0.02,,,,,,5335,22536.9,14.73,8.48,24.8,533,53,,,,,,,0.06998590887740723,,0.14983560356975106,,,,0.4001878816345702,0.3001409112259277,0.07984969469234382,,
44198,Les Sorinières,244400404,legislative,2022,1,2022-06-12,re,0.6,0.03,0.019999999999999997,,,,,,9163,22595.66,14.69,8.47,24.7,916,91,,,,,,,0.0700218818380744,,0.14989059080962802,,,,0.399890590809628,0.300054704595186,0.08014223194748359,,
44094,Mauves-sur-Loire,244400404,legislative,2022,1,2022-06-12,re,0.6,0.03,0.02,,,,,,3393,22507.08,14.76,8.49,24.9,339,33,,,,,,,0.07016248153618906,,0.1499261447562777,,,,0.40029542097488924,0.2998522895125554,0.07976366322008863,,
44109,Nantes,244400404,legislative,2022,1,2022-06-12,re,0.6,0.03,0.02,,,,,,325070,27445.0,10.8,7.5,15.0,32507,3250,,,,,,,0.06999838091640131,,0.15000424045704416,,,,0.3999984580156203,0.30000077099218986,0.07999814961874437,,
44114,Orvault,244400404,legislative,2022,1,2022-06-12,re,0.6,0.03,0.02,,,,,,28341,22890.05,14.45,8.41,24.1,2834,283,,,,,,,0.07003891050583658,,0.14998231340643792,,,,0.3999823134064379,0.29996462681287583,0.08003183586841174,,
44143,Rezé,244400404,legislative,2022,1,2022-06-12,re,0.6,0.03,0.02,,,,,,43349,23120.43,14.27,8.37,23.7,4334,433,,,,,,,0.07001618871415356,,0.1499190564292322,,,,0.40003469010175763,0.30001156336725254,0.08001850138760407,,
44150,Saint-Aignan-Grandlieu,244400404,legislative,2022,1,2022-06-12,re,0.6,0.03,0.020000000000000004,,,,,,3991,22516.26,14.75,8.49,24.9,399,39,,,,,,,0.06972361809045226,,0.15012562814070352,,,,0.4001256281407035,0.30025125628140703,0.07977386934673367,,
44162,Saint-Herblain,244400404,legislative,2022,1,2022-06-12,re,0.6,0.03,0.02,,,,,,50561,23231.14,14.18,8.34,23.4,5056,505,,,,,,,0.06999107762466542,,0.14999504312481413,,,,0.40001982750074355,0.29999008624962825,0.08000396550014871,,
44166,Saint-Jean-de-Boiseau,244400404,legislative,2022,1,2022-06-12,re,0.6,0.030000000000000002,0.02,,,,,,6024,22547.47,14.73,8.48,24.8,602,60,,,,,,,0.06988352745424292,,0.15016638935108154,,,,0.4001663893510815,0.29991680532445925,0.07986688851913477,,
44171,Saint-Léger-les-Vignes,244400404,legislative,2022,1,2022-06-12,re,0.6,0.03,0.02,,,,,,2114,22487.45,14.77,8.49,24.9,211,21,,,,,,,0.06998813760379596,,0.1506524317912218,,,,0.3997627520759193,0.3001186239620403,0.07947805456702253,,
44190,Saint-Sébastien-sur-Loire,244400404,legislative,2022,1,2022-06-12,re,0.6,0.03,0.02,,,,,,28373,22890.54,14.45,8.41,24.1,2837,283,,,,,,,0.07004681565232754,,0.14998675028707711,,,,0.39996466743220566,0.29997350057415423,0.08002826605423549,,
44172,Sainte-Luce-sur-Loire,244400404,legislative,2022,1,2022-06-12,re,0.6,0.03,0.02,,,,,,16227,22704.09,14.6,8.45,24.5,1622,162,,,,,,,0.06996138996138997,,0.14996138996138997,,,,0.4,0.3000772200772201,0.08,,
44194,Sautron,244400404,legislative,2022,1,2022-06-12,re,0.6,0.03,0.020000000000000004,,,,,,8534,22586.0,14.69,8.47,24.7,853,85,,,,,,,0.0698972099853157,,0.15007342143906022,,,,0.4,0.30014684287812043,0.07988252569750368,,
44204,Thouaré-sur-Loire,244400404,legislative,2022,1,2022-06-12,re,0.6,0.03,0.02,,,,,,10956,22623.18,14.67,8.47,24.7,1095,109,,,,,,,0.07000686341798215,,0.1500800732097918,,,,0.4001372683596431,0.29970258522077325,0.08007320979180965,,
44215,Vertou,244400404,legislative,2022,1,2022-06-12,re,0.6,0.03,0.02,,,,,,26048,22854.85,14.48,8.42,24.2,2604,260,,,,,,,0.07004714711825268,,0.15000481093043394,,,,0.39998075627826424,0.3000096218608679,0.07995766381218128,,
44009,Basse-Goulaine,244400404,europeenne,2014,1,2014-05-25,fn,0.45,0.03,0.02,,,,,,8881,20873.15,15.48,9.67,26.3,887,92,,,,,,0.1399548532731377,0.200150489089541,,,,,,,,0.18999247554552295,0.24981188863807374,0.1200150489089541
44018,Bouaye,244400404,europeenne,2014,1,2014-05-25,fn,0.45,0.029999999999999995,0.02,,,,,,7647,20854.21,15.5,9.67,26.3,765,79,,,,,,0.13942307692307693,0.20017482517482518,,,,,,,,0.19012237762237763,0.25,0.1201923076923077
44020,Bouguenais,244400404,europeenne,2014,1,2014-05-25,fn,0.45,0.03,0.02,,,,,,19015,21028.7,15.35,9.64,26.0,1901,197,,,,,,0.14007029876977153,0.2,,,,,,,,0.18980667838312829,0.2500878734622144,0.12003514938488577
44024,Brains,244400404,europeenne,2014,1,2014-05-25,fn,0.44999999999999996,0.030000000000000002,0.02,,,,,,2549,20775.94,15.57,9.69,26.5,255,26,,,,,,0.1402359108781127,0.20052424639580602,,,,,,,,0.19003931847968544,0.2503276539973788,0.12057667103538663
44026,Carquefou,244400404,europeenne,2014,1,2014-05-25,fn,0.45,0.030000000000000002,0.02,,,,,,18964,21027.92,15.35,9.64,26.0,1896,197,,,,,,0.13991189427312775,0.2,,,,,,,,0.18995594713656389,0.2500440528634361,0.12
44047,Couëron,244400404,europeenne,2014,1,2014-05-25,fn,0.45,0.03,0.02,,,,,,21740,21070.53,15.31,9.63,25.9,2174,226,,,,,,0.14002459268367662,0.19996925914540425,,,,,,,,0.18997848140178297,0.2499231478635106,0.12004303719643405
44074,Indre,244400404,europeenne,2014,1,2014-05-25,fn,0.45,0.03,0.02,,,,,,3853,20795.96,15.55,9.69,26.5,385,39,,,,,,0.14050303555941024,0.20034692107545535,,,,,,,,0.1899392888117953,0.24978317432784042,0.1196877710320902
44035,La Chapelle-sur-Erdre,244400404,europeenne,2014,1,2014-05-25,fn,0.45,0.029999999999999995,0.02,,,,,,18916,21027.19,15.35,9.64,26.0,1891,196,,,,,,0.14008125772831656,0.19996467055290584,,,,,,,,0.190072425366543,0.24995583819113232,0.11994347288464935
44101,La Montagne,244400404,europeenne,2014,1,2014-05-25,fn,0.45,0.03,0.02,,,,,,6024,20829.28,15.52,9.68,26.4,602,62,,,,,,0.13976705490848584,0.2002218524681087,,,,,,,,0.19023849140321686,0.25013865779256794,0.11980033277870217
44120,Le Pellerin,244400404,europeenne,2014,1,2014-05-25,fn,0.45,0.03,0.02,,,,,,4927,20812.45,15.53,9.68,26.4,492,51,,,,,,0.13975576662143827,0.20013568521031208,,,,,,,,0.18995929443690637,0.2503392130257802,0.12008141112618724
44198,Les Sorinières,244400404,europeenne,2014,1,2014-05-25,fn,0.45,0.03,0.02,,,,,,8462,20866.71,15.49,9.67,26.3,846,87,,,,,,0.1402053712480253,0.19984202211690363,,,,,,,,0.18996840442338073,0.25,0.12006319115323855
44094,Mauves-sur-Loire,244400404,europeenne,2014,1,2014-05-25,fn,0.45,0.03,0.02,,,,,,3133,20784.91,15.56,9.69,26.5,313,32,,,,,,0.1396588486140725,0.20042643923240938,,,,,,,,0.18976545842217485,0.24946695095948826,0.12046908315565032
44109,Nantes,244400404,europeenne,2014,1,2014-05-25,fn,0.44999999999999996,0.03,0.02,,,,,,300197,25345.0,11.6,8.7,16.6,30020,3123,,,,,,0.14000267159427388,0.20000222632856157,,,,,,,,0.1899948794443084,0.25000556582140393,0.11999910946857537
44114,Orvault,244400404,europeenne,2014,1,2014-05-25,fn,0.44999999999999996,0.03,0.02,,,,,,26172,21138.58,15.25,9.61,25.7,2617,272,,,,,,0.14006639427987744,0.19994892747701737,,,,,,,,0.18998978549540346,0.25,0.12002042900919306
44143,Rezé,244400404,europeenne,2014,1,2014-05-25,fn,0.45,0.03,0.02,,,,,,40032,21351.33,15.07,9.57,25.3,4002,416,,,,,,0.13998330550918198,0.2,,,,,,,,0.18998330550918197,0.25,0.12003338898163605
44150,Saint-Aignan-Grandlieu,244400404,europeenne,2014,1,2014-05-25,fn,0.45,0.03,0.02,,,,,,3686,20793.39,15.55,9.69,26.5,368,37,,,,,,0.13961922030825022,0.20036264732547598,,,,,,,,0.19038984587488667,0.25022665457842247,0.11967361740707162
44162,Saint-Herblain,244400404,europeenne,2014,1,2014-05-25,fn,0.45,0.03,0.02,,,,,,46692,21453.57,14.98,9.54,25.0,4669,485,,,,,,0.1399842553496028,0.20002862663708582,,,,,,,,0.19000930365705287,0.24998210835182136,0.12001717598225148
44166,Saint-Jean-de-Boiseau,244400404,europeenne,2014,1,2014-05-25,fn,0.45,0.03,0.02,,,,,,5563,20822.21,15.53,9.68,26.4,556,58,,,,,,0.13993993993993994,0.2,,,,,,,,0.1897897897897898,0.24984984984984984,0.12012012012012012
44171,Saint-Léger-les-Vignes,244400404,europeenne,2014,1,2014-05-25,fn,0.45000000000000007,0.030000000000000002,0.02,,,,,,1952,20766.78,15.57,9.69,26.5,195,20,,,,,,0.1404109589041096,0.20034246575342465,,,,,,,,0.19006849315068494,0.25,0.11986301369863013
44190,Saint-Sébastien-sur-Loire,244400404,europeenne,2014,1,2014-05-25,fn,0.45,0.03,0.02,,,,,,26202,21139.03,15.25,9.61,25.7,2620,272,,,,,,0.14003315903583727,0.19997449304935594,,,,,,,,0.19002678229817627,0.24996811631169494,0.12001020278025762
44172,Sainte-Luce-sur-Loire,244400404,europeenne,2014,1,2014-05-25,fn,0.45000000000000007,0.029999999999999995,0.02,,,,,,14985,20966.85,15.4,9.65,26.1,1498,156,,,,,,0.1400535236396075,0.20004460303300625,,,,,,,,0.19000892060660124,0.25,0.11998215878679751
44194,Sautron,244400404,europeenne,2014,1,2014-05-25,fn,0.45,0.03,0.02,,,,,,7881,20857.79,15.49,9.67,26.3,788,82,,,,,,0.13952502120441052,0.2001696352841391,,,,,,,,0.18999151823579305,0.2502120441051739,0.12001696352841391
44204,Thouaré-sur-Loire,244400404,europeenne,2014,1,2014-05-25,fn,0.44999999999999996,0.03,0.02,,,,,,10118,20892.13,15.47,9.67,26.3,1011,105,,,,,,0.14002642007926025,0.2001321003963012,,,,,,,,0.18989431968295906,0.25,0.11988110964332893
44215,Vertou,244400404,europeenne,2014,1,2014-05-25,fn,0.45,0.03,0.02,,,,,,24055,21106.07,15.28,9.62,25.8,2405,250,,,,,,0.14003889969435954,0.2000555709919422,,,,,,,,0.1900527924423451,0.2500694637399278,0.12003334259516532
44009,Basse-Goulaine,244400404,europeenne,2019,1,2019-05-26,lrem,0.5,0.03,0.02,,,,,,9334,21937.89,14.98,8.92,25.3,933,95,,,,,,,0.09987113402061856,,0.16011597938144329,,0.32989690721649484,,,,0.13981958762886598,,0.1404639175257732
44018,Bouaye,244400404,europeenne,2019,1,2019-05-26,lrem,0.5,0.03,0.02,,,,,,8037,21917.98,15.0,8.92,25.3,804,81,,,,,,,0.0999251497005988,,0.1601796407185629,,0.3300898203592814,,,,0.13997005988023953,,0.13997005988023953
44020,Bouguenais,244400404,europeenne,2019,1,2019-05-26,lrem,0.5,0.030000000000000002,0.02,,,,,,19984,22101.38,14.85,8.89,25.0,1998,202,,,,,,,0.1000752445447705,,0.1599699021820918,,0.33002257336343116,,,,0.1399548532731377,,0.1399548532731377
44024,Brains,244400404,europeenne,2019,1,2019-05-26,lrem,0.5,0.029999999999999995,0.02,,,,,,2679,21835.73,15.07,8.94,25.5,268,27,,,,,,,0.09988776655443322,,0.16049382716049382,,0.32996632996632996,,,,0.14029180695847362,,0.14029180695847362
44026,Carquefou,244400404,europeenne,2019,1,2019-05-26,lrem,0.5,0.03,0.02,,,,,,19931,22100.55,14.85,8.89,25.0,1993,202,,,,,,,0.10004526935264826,,0.15980081484834766,,0.33001358080579446,,,,0.14003319752527538,,0.14003319752527538
44047,Couëron,244400404,europeenne,2019,1,2019-05-26,lrem,0.5,0.03,0.02,,,,,,22849,22145.34,14.81,8.88,24.9,2285,232,,,,,,,0.10003948927208109,,0.16006318283532975,,0.32973542187705673,,,,0.14005528498091352,,0.14005528498091352
44074,Indre,244400404,europeenne,2019,1,2019-05-26,lrem,0.5,0.029999999999999995,0.02,,,,,,4049,21856.76,15.05,8.94,25.5,405,40,,,,,,,0.10029717682020803,,0.15973254086181277,,0.3298662704309064,,,,0.13967310549777118,,0.14041604754829123
44035,La Chapelle-sur-Erdre,244400404,europeenne,2019,1,2019-05-26,lrem,0.5,0.030000000000000002,0.02,,,,,,19881,22099.78,14.85,8.89,25.0,1988,201,,,,,,,0.1,,0.1600605143721634,,0.32995461422087746,,,,0.13993948562783662,,0.13993948562783662
44101,La Montagne,244400404,europeenne,2019,1,2019-05-26,lrem,0.5,0.03,0.02,,,,,,6331,21891.79,15.02,8.93,25.4,633,64,,,,,,,0.1002375296912114,,0.16009501187648456,,0.33016627078384797,,,,0.14014251781472684,,0.14014251781472684
44120,Le Pellerin,244400404,europeenne,2019,1,2019-05-26,lrem,0.5,0.030000000000000002,0.02,,,,,,5178,21874.09,15.03,8.93,25.4,517,52,,,,,,,0.09988385598141696,,0.1602787456445993,,0.32984901277584205,,,,0.13995354239256677,,0.13995354239256677
44198,Les Sorinières,244400404,europeenne,2019,1,2019-05-26,lrem,0.5,0.03,0.02,,,,,,8894,21931.12,14.99,8.92,25.3,889,90,,,,,,,0.10010145417653027,,0.1599594183293879,,0.33006425431180253,,,,0.1400067636117687,,0.1400067636117687
44094,Mauves-sur-Loire,244400404,europeenne,2019,1,2019-05-26,lrem,0.5,0.03,0.02,,,,,,3293,21845.15,15.06,8.94,25.5,329,33,,,,,,,0.1004566210045662,,0.1598173515981735,,0.32968036529680367,,,,0.13972602739726028,,0.13972602739726028
44109,Nantes,244400404,europeenne,2019,1,2019-05-26,lrem,0.5,0.03,0.02,,,,,,315510,26637.85,11.1,7.95,15.6,31551,3202,,,,,,,0.10000285967571278,,0.1599988561297149,,0.32999704500176347,,,,0.1400001906450475,,0.1400001906450475
44114,Orvault,244400404,europeenne,2019,1,2019-05-26,lrem,0.5,0.03,0.02,,,,,,27507,22216.86,14.75,8.86,24.7,2751,279,,,,,,,0.1000437349661054,,0.15996063853050513,,0.32998031926525256,,,,0.13995189153728405,,0.14006122895254755
44143,Rezé,244400404,europeenne,2019,1,2019-05-26,lrem,0.5,0.03,0.019999999999999997,,,,,,42074,22440.46,14.57,8.82,24.3,4207,427,,,,,,,0.1,,0.15997140814867764,,0.3300214438884918,,,,0.14002859185132238,,0.14002859185132238
44150,Saint-Aignan-Grandlieu,244400404,europeenne,2019,1,2019-05-26,lrem,0.5,0.03,0.02,,,,,,3874,21854.06,15.05,8.94,25.5,387,38,,,,,,,0.10015527950310558,,0.15993788819875776,,0.3299689440993789,,,,0.13975155279503104,,0.140527950310559
44162,Saint-Herblain,244400404,europeenne,2019,1,2019-05-26,lrem,0.5,0.03,0.02,,,,,,49074,22547.92,14.48,8.79,24.0,4907,498,,,,,,,0.10001838573267145,,0.16001716001716002,,0.3300239014524729,,,,0.13997671140528284,,0.13997671140528284
44166,Saint-Jean-de-Boiseau,244400404,europeenne,2019,1,2019-05-26,lrem,0.5,0.03,0.02,,,,,,5847,21884.35,15.03,8.93,25.4,584,59,,,,,,,0.09979423868312758,,0.15997942386831276,,0.33024691358024694,,,,0.13991769547325103,,0.13991769547325103
44171,Saint-Léger-les-Vignes,244400404,europeenne,2019,1,2019-05-26,lrem,0.5,0.029999999999999995,0.02,,,,,,2052,21826.1,15.07,8.94,25.5,205,21,,,,,,,0.09824046920821114,,0.1598240469208211,,0.32991202346041054,,,,0.14076246334310852,,0.14076246334310852
44190,Saint-Sébastien-sur-Loire,244400404,europeenne,2019,1,2019-05-26,lrem,0.5,0.03,0.02,,,,,,27539,22217.33,14.75,8.86,24.7,2754,279,,,,,,,0.10003276182155728,,0.15998689527137708,,0.3300207491536529,,,,0.14000218412143714,,0.14000218412143714
44172,Sainte-Luce-sur-Loire,244400404,europeenne,2019,1,2019-05-26,lrem,0.5,0.03,0.02,,,,,,15750,22036.37,14.9,8.9,25.1,1574,160,,,,,,,0.10005728470498378,,0.160015275921329,,0.3299599007065114,,,,0.13996562917700975,,0.13996562917700975
44194,Sautron,244400404,europeenne,2019,1,2019-05-26,lrem,0.5,0.03,0.02,,,,,,8283,21921.75,14.99,8.92,25.3,828,84,,,,,,,0.09949164851125636,,0.16013071895424835,,0.3300653594771242,,,,0.140159767610748,,0.140159767610748
44204,Thouaré-sur-Loire,244400404,europeenne,2019,1,2019-05-26,lrem,0.5,0.03,0.02,,,,,,10634,21957.84,14.97,8.92,25.3,1063,107,,,,,,,0.1001131221719457,,0.1600678733031674,,0.3300339366515837,,,,0.13998868778280543,,0.13998868778280543
44215,Vertou,244400404,europeenne,2019,1,2019-05-26,lrem,0.5,0.03,0.02,,,,,,25282,22182.69,14.78,8.87,24.8,2527,256,,,,,,,0.1000475850582917,,0.16000475850582918,,0.3300023792529146,,,,0.14001903402331667,,0.14001903402331667
44009,Basse-Goulaine,244400404,municipale,2014,1,2014-03-23,ps,0.55,0.03,0.02,,,,,,8881,20873.15,15.48,9.67,26.3,887,92,,,,,,0.3399014778325123,0.2001231527093596,,,,,0.08004926108374384,,,0.10991379310344827,,0.2001231527093596
44018,Bouaye,244400404,municipale,2014,1,2014-03-23,ps,0.55,0.03,0.02,,,,,,7647,20854.21,15.5,9.67,26.3,765,79,,,,,,0.34000715051841257,0.1998569896317483,,,,,0.08008580622095102,,,0.11011798355380766,,0.1998569896317483
44020,Bouguenais,244400404,municipale,2014,1,2014-03-23,ps,0.55,0.03,0.02,,,,,,19015,21028.7,15.35,9.64,26.0,1901,197,,,,,,0.3400431344356578,0.2,,,,,0.07994248741912294,,,0.10999281092739037,,0.2
44024,Brains,244400404,municipale,2014,1,2014-03-23,ps,0.55,0.03,0.02,,,,,,2549,20775.94,15.57,9.69,26.5,255,26,,,,,,0.34012875536480686,0.19957081545064378,,,,,0.08047210300429185,,,0.11051502145922747,,0.19957081545064378
44026,Carquefou,244400404,municipale,2014,1,2014-03-23,ps,0.55,0.03,0.02,,,,,,18964,21027.92,15.35,9.64,26.0,1896,197,,,,,,0.3399653979238754,0.19997116493656286,,,,,0.08001730103806229,,,0.11000576701268742,,0.19997116493656286
44047,Couëron,244400404,municipale,2014,1,2014-03-23,ps,0.55,0.03,0.02,,,,,,21740,21070.53,15.31,9.63,25.9,2174,226,,,,,,0.33995723808325995,0.1999748459313294,,,,,0.07998993837253175,,,0.11004905043390768,,0.1999748459313294
44074,Indre,244400404,municipale,2014,1,2014-03-23,ps,0.55,0.030000000000000002,0.02,,,,,,3853,20795.96,15.55,9.69,26.5,385,39,,,,,,0.33924769339957417,0.20014194464158977,,,,,0.0801987224982257,,,0.11000709723207949,,0.20014194464158977
44035,La Chapelle-sur-Erdre,244400404,municipale,2014,1,2014-03-23,ps,0.55,0.03,0.02,,,,,,18916,21027.19,15.35,9.64,26.0,1891,196,,,,,,0.33993351640410463,0.20002890591125885,,,,,0.08006937418702124,,,0.10998699233993352,,0.20002890591125885
44101,La Montagne,244400404,municipale,2014,1,2014-03-23,ps,0.55,0.03,0.02,,,,,,6024,20829.28,15.52,9.68,26.4,602,62,,,,,,0.33999092147072174,0.20018157058556513,,,,,0.07989105764866092,,,0.10985020426690877,,0.20018157058556513
44120,Le Pellerin,244400404,municipale,2014,1,2014-03-23,ps,0.55,0.03,0.02,,,,,,4927,20812.45,15.53,9.68,26.4,492,51,,,,,,0.3401775804661487,0.1997780244173141,,,,,0.07991120976692564,,,0.10987791342952276,,0.20033296337402887
44198,Les Sorinières,244400404,municipale,2014,1,2014-03-23,ps,0.55,0.03,0.02,,,,,,8462,20866.71,15.49,9.67,26.3,846,87,,,,,,0.3399030694668821,0.2,,,,,0.0801292407108239,,,0.1098546042003231,,0.2
44094,Mauves-sur-Loire,244400404,municipale,2014,1,2014-03-23,ps,0.55,0.03,0.02,,,,,,3133,20784.91,15.56,9.69,26.5,313,32,,,,,,0.3403141361256545,0.19982547993019198,,,,,0.08027923211169284,,,0.1099476439790576,,0.19982547993019198
44109,Nantes,244400404,municipale,2014,1,2014-03-23,ps,0.55,0.03,0.02,,,,,,300197,25345.0,11.6,8.7,16.6,30020,3123,,,,,,0.34000018215433936,0.19999635691321258,,,,,0.08000218585207246,,,0.11000300554659963,,0.19999635691321258
44114,Orvault,244400404,municipale,2014,1,2014-03-23,ps,0.55,0.03,0.02,,,,,,26172,21138.58,15.25,9.61,25.7,2617,272,,,,,,0.3400543251149185,0.19995821145006268,,,,,0.08002507312996239,,,0.11000835770998746,,0.19995821145006268
44143,Rezé,244400404,municipale,2014,1,2014-03-23,ps,0.55,0.03,0.02,,,,,,40032,21351.33,15.07,9.57,25.3,4002,416,,,,,,0.3399808769293812,0.19997268132768747,,,,,0.07997541319491873,,,0.1100259527386969,,0.2000409780084688
44150,Saint-Aignan-Grandlieu,244400404,municipale,2014,1,2014-03-23,ps,0.55,0.03,0.02,,,,,,3686,20793.39,15.55,9.69,26.5,368,37,,,,,,0.3397626112759644,0.20029673590504452,,,,,0.08011869436201781,,,0.10979228486646884,,0.20029673590504452
44162,Saint-Herblain,244400404,municipale,2014,1,2014-03-23,ps,0.55,0.029999999999999995,0.02,,,,,,46692,21453.57,14.98,9.54,25.0,4669,485,,,,,,0.3399695514697271,0.20002342194636374,,,,,0.07998594683218176,,,0.11002459304368192,,0.20002342194636374
44166,Saint-Jean-de-Boiseau,244400404,municipale,2014,1,2014-03-23,ps,0.55,0.03,0.02,,,,,,5563,20822.21,15.53,9.68,26.4,556,58,,,,,,0.34004914004914005,0.2,,,,,0.0800982800982801,,,0.11007371007371007,,0.2
44171,Saint-Léger-les-Vignes,244400404,municipale,2014,1,2014-03-23,ps,0.55,0.030000000000000002,0.02,,,,,,1952,20766.78,15.57,9.69,26.5,195,20,,,,,,0.3403361344537815,0.20028011204481794,,,,,0.0784313725490196,,,0.11064425770308123,,0.20028011204481794
44190,Saint-Sébastien-sur-Loire,244400404,municipale,2014,1,2014-03-23,ps,0.55,0.03,0.02,,,,,,26202,21139.03,15.25,9.61,25.7,2620,272,,,,,,0.33987269122404257,0.20004174058228114,,,,,0.08003756652405301,,,0.10998643431075864,,0.20004174058228114
44172,Sainte-Luce-sur-Loire,244400404,municipale,2014,1,2014-03-23,ps,0.55,0.03,0.02,,,,,,14985,20966.85,15.4,9.65,26.1,1498,156,,,,,,0.3399014778325123,0.1999635103083379,,,,,0.08009487319832147,,,0.11001642036124795,,0.1999635103083379
44194,Sautron,244400404,municipale,2014,1,2014-03-23,ps,0.55,0.03,0.02,,,,,,7881,20857.79,15.49,9.67,26.3,788,82,,,,,,0.34004163775156143,0.19986120749479527,,,,,0.08015267175572519,,,0.10999306037473977,,0.19986120749479527
44204,Thouaré-sur-Loire,244400404,municipale,2014,1,2014-03-23,ps,0.55,0.03,0.02,,,,,,10118,20892.13,15.47,9.67,26.3,1011,105,,,,,,0.34017833018103216,0.19994596055120237,,,,,0.07997838422048095,,,0.1099702783031613,,0.19994596055120237
44215,Vertou,244400404,municipale,2014,1,2014-03-23,ps,0.55,0.03,0.02,,,,,,24055,21106.07,15.28,9.62,25.8,2405,250,,,,,,0.3398499659013412,0.20004546487838146,,,,,0.08001818595135259,,,0.1100250056831098,,0.20004546487838146
44009,Basse-Goulaine,244400404,municipale,2020,1,2020-03-15,eelv,0.42999999999999994,0.04,0.03,,,,,,9428,22157.27,14.88,8.77,25.1,942,95,,,,,,0.28003031451307314,0.129973474801061,,,,0.1599090564607806,0.09018567639257294,,,,,0.28003031451307314
44018,Bouaye,244400404,municipale,2020,1,2020-03-15,eelv,0.43,0.04,0.029999999999999995,,,,,,8118,22137.16,14.9,8.77,25.1,812,81,,,,,,0.27992957746478875,0.12984154929577466,,,,0.1602112676056338,0.09022887323943662,,,,,0.27992957746478875
44020,Bouguenais,244400404,municipale,2020,1,2020-03-15,ps,0.43000000000000005,0.04,0.03,,,,,,20184,22322.39,14.75,8.74,24.8,2018,203,,,,,,0.28,0.13008849557522123,,,,0.16,0.09008849557522124,,,,,0.27964601769911507
44024,Brains,244400404,municipale,2020,1,2020-03-15,eelv,0.43,0.04,0.03,,,,,,2706,22054.08,14.97,8.79,25.3,271,27,,,,,,0.2800528401585205,0.12945838837516513,,,,0.15984147952443858,0.08982826948480846,,,,,0.2800528401585205
44026,Carquefou,244400404,municipale,2020,1,2020-03-15,eelv,0.43,0.04,0.03,,,,,,20130,22321.56,14.75,8.74,24.8,2013,203,,,,,,0.2800354924578527,0.13007985803016858,,,,0.1600709849157054,0.08979591836734693,,,,,0.2800354924578527
44047,Couëron,244400404,municipale,2020,1,2020-03-15,eelv,0.43,0.04,0.03,,,,,,23077,22366.8,14.71,8.73,24.7,2308,233,,,,,,0.280030959752322,0.13003095975232198,,,,0.16006191950464396,0.08978328173374613,,,,,0.280030959752322
44074,Indre,244400404,municipale,2020,1,2020-03-15,eelv,0.43,0.04,0.03,,,,,,4090,22075.33,14.95,8.79,25.3,409,41,,,,,,0.28034934497816594,0.13013100436681221,,,,0.15982532751091702,0.08995633187772925,,,,,0.28034934497816594
44035,La Chapelle-sur-Erdre,244400404,municipale,2020,1,2020-03-15,eelv,0.43,0.04,0.030000000000000002,,,,,,20079,22320.78,14.75,8.74,24.8,2008,202,,,,,,0.2800213485144992,0.1300480341576232,,,,0.15975805016900907,0.09001956947162426,,,,,0.2800213485144992
44101,La Montagne,244400404,municipale,2020,1,2020-03-15,eelv,0.43,0.04,0.03,,,,,,6394,22110.7,14.92,8.78,25.2,639,64,,,,,,0.2798882681564246,0.13016759776536313,,,,0.15977653631284916,0.08994413407821229,,,,,0.2798882681564246
44120,Le Pellerin,244400404,municipale,2020,1,2020-03-15,eelv,0.43,0.04,0.03,,,,,,5230,22092.83,14.93,8.78,25.2,522,52,,,,,,0.28005464480874315,0.12978142076502733,,,,0.1598360655737705,0.09016393442622951,,,,,0.28005464480874315
44198,Les Sorinières,244400404,municipale,2020,1,2020-03-15,eelv,0.43,0.04,0.03,,,,,,8982,22150.44,14.89,8.77,25.1,898,90,,,,,,0.28003182179793157,0.13007159904534607,,,,0.15990453460620524,0.08989657915672236,,,,,0.28003182179793157
44094,Mauves-sur-Loire,244400404,municipale,2020,1,2020-03-15,eelv,0.43,0.04,0.03,,,,,,3326,22063.6,14.96,8.79,25.3,332,33,,,,,,0.280343716433942,0.1288936627282492,,,,0.16004296455424274,0.09022556390977443,,,,,0.280343716433942
44109,Nantes,244400404,municipale,2020,1,2020-03-15,eelv,0.43,0.04,0.029999999999999995,,,,,,318665,26904.23,11.0,7.8,15.4,31866,3218,,,,,,0.27999865476884445,0.13000538092462222,,,,0.16000403569346666,0.08999596430653334,,,,,0.27999865476884445
44114,Orvault,244400404,municipale,2020,1,2020-03-15,eelv,0.43,0.04,0.03,,,,,,27783,22439.03,14.65,8.71,24.5,2778,280,,,,,,0.28005657708628007,0.12999871415713,,,,0.15995885302815996,0.09000900090009001,,,,,0.28005657708628007
44143,Rezé,244400404,municipale,2020,1,2020-03-15,eelv,0.43,0.04,0.03,,,,,,42495,22664.87,14.47,8.67,24.1,4249,429,,,,,,0.2800100874243443,0.12995965030262274,,,,0.15996973772696704,0.09003026227303296,,,,,0.2800100874243443
44150,Saint-Aignan-Grandlieu,244400404,municipale,2020,1,2020-03-15,eelv,0.42999999999999994,0.04,0.03,,,,,,3912,22072.6,14.95,8.79,25.3,391,39,,,,,,0.28036529680365296,0.12876712328767123,,,,0.1598173515981735,0.09041095890410959,,,,,0.28036529680365296
44162,Saint-Herblain,244400404,municipale,2020,1,2020-03-15,eelv,0.43,0.04,0.03,,,,,,49565,22773.39,14.38,8.64,23.8,4956,500,,,,,,0.28,0.13001801801801802,,,,0.16,0.09001801801801802,,,,,0.28
44166,Saint-Jean-de-Boiseau,244400404,municipale,2020,1,2020-03-15,eelv,0.43,0.04,0.030000000000000002,,,,,,5905,22103.2,14.93,8.78,25.2,590,59,,,,,,0.28009679370840895,0.13006654567453116,,,,0.15910465819721717,0.09013914095583787,,,,,0.28009679370840895
44171,Saint-Léger-les-Vignes,244400404,municipale,2020,1,2020-03-15,eelv,0.43,0.04,0.030000000000000002,,,,,,2072,22044.36,14.97,8.79,25.3,207,21,,,,,,0.2793103448275862,0.12931034482758622,,,,0.16034482758620688,0.0896551724137931,,,,,0.2827586206896552
44190,Saint-Sébastien-sur-Loire,244400404,municipale,2020,1,2020-03-15,eelv,0.43,0.04,0.03,,,,,,27814,22439.51,14.65,8.71,24.5,2781,280,,,,,,0.279989725147701,0.12984844592858977,,,,0.160030824556897,0.09003339326997174,,,,,0.279989725147701
44172,Sainte-Luce-sur-Loire,244400404,municipale,2020,1,2020-03-15,eelv,0.43,0.04,0.030000000000000002,,,,,,15907,22256.73,14.8,8.75,24.9,1590,160,,,,,,0.2800359308331462,0.13002470244778802,,,,0.1596676397933977,0.09005165057264765,,,,,0.2800359308331462
44194,Sautron,244400404,municipale,2020,1,2020-03-15,eelv,0.42999999999999994,0.04,0.030000000000000002,,,,,,8366,22140.97,14.89,8.77,25.1,836,84,,,,,,0.28010247651579845,0.12980358667805295,,,,0.16011955593509822,0.09009393680614859,,,,,0.28010247651579845
44204,Thouaré-sur-Loire,244400404,municipale,2020,1,2020-03-15,eelv,0.43000000000000005,0.04,0.03,,,,,,10740,22177.41,14.87,8.77,25.1,1073,108,,,,,,0.2801064537591484,0.1300731869594145,,,,0.16001330671989356,0.09015302727877578,,,,,0.2801064537591484
44215,Vertou,244400404,municipale,2020,1,2020-03-15,eelv,0.43,0.04,0.03,,,,,,25535,22404.52,14.68,8.72,24.6,2553,257,,,,,,0.2799384443200895,0.12996642417459428,,,,0.1600447677672076,0.08995523223279239,,,,,0.2802182428651371
